{
  "accuracy": 0.5833333333333334,
  "precision": {
    "SentimentType.PRO_INDIA": 0.6666666666666666,
    "SentimentType.NEUTRAL": 0.4,
    "SentimentType.ANTI_INDIA": 1.0
  },
  "recall": {
    "SentimentType.PRO_INDIA": 0.8,
    "SentimentType.NEUTRAL": 0.5,
    "SentimentType.ANTI_INDIA": 0.3333333333333333
  },
  "f1_score": {
    "SentimentType.PRO_INDIA": 0.7272727272727272,
    "SentimentType.NEUTRAL": 0.4444444444444445,
    "SentimentType.ANTI_INDIA": 0.5
  },
  "confusion_matrix": {
    "SentimentType.PRO_INDIA": {
      "SentimentType.PRO_INDIA": 4,
      "SentimentType.NEUTRAL": 1,
      "SentimentType.ANTI_INDIA": 0
    },
    "SentimentType.ANTI_INDIA": {
      "SentimentType.ANTI_INDIA": 1,
      "SentimentType.NEUTRAL": 2,
      "SentimentType.PRO_INDIA": 0
    },
    "SentimentType.NEUTRAL": {
      "SentimentType.PRO_INDIA": 2,
      "SentimentType.NEUTRAL": 2,
      "SentimentType.ANTI_INDIA": 0
    }
  },
  "macro_averages": {
    "precision": 0.6888888888888888,
    "recall": 0.5444444444444444,
    "f1_score": 0.5572390572390572
  },
  "weighted_averages": {
    "precision": 0.6611111111111111,
    "recall": 0.5833333333333333,
    "f1_score": 0.5761784511784511
  },
  "performance": {
    "avg_processing_time_ms": 0.3256003061930339,
    "throughput_per_second": 3071.250183060776
  },
  "confidence": {
    "average": 0.6666666666666666,
    "distribution": {
      "0.50-0.58": 5,
      "0.58-0.66": 0,
      "0.66-0.74": 3,
      "0.74-0.82": 2,
      "0.82-0.90": 2
    }
  },
  "risk": {
    "average": 0.19166666666666668,
    "distribution": {
      "0.10-0.22": 11,
      "0.22-0.34": 0,
      "0.34-0.46": 0,
      "0.46-0.58": 0,
      "0.58-0.70": 1
    }
  },
  "propaganda_detection": {
    "rate": 1.0,
    "techniques_distribution": {
      "loaded_language": 2
    }
  },
  "export_timestamp": "2025-08-25T18:59:36.963510"
}